{"cameraMode":{"drawMode":0,"name":"Shaded","section":"Shading Mode"},"sceneLighting":true,"audioPlay":false,"sceneViewState":{"showFog":true,"showMaterialUpdate":true,"showSkybox":true,"showFlares":true,"showImageEffects":true,"showParticleSystems":true},"in2DMode":false,"pivot":{"x":-1.0515687465667725,"y":1.8982491493225098,"z":-2.534303903579712},"rotation":{"x":-0.10583290457725525,"y":0.11962001770734787,"z":-0.012824942357838154,"w":-0.987084686756134},"size":0.9471695423126221,"orthographic":false}